r,b,swpd,free,buff,cache,si,so,bi,bo,in,cs,us,sy,id,wa,st,Principale1,Principale2,Principale3,Principale4,Principale5,Principale6,Principale7
2,0,0,2308824,39948,651496,0,0,10872,521,1726,19,22,30,45,2,0,"10,10828395","-0,94776913","2,211334246","2,8263509362","-4,445103477","-0,567810888","2,8845921312"
1,0,0,2308824,39948,651692,0,0,160,0,527,1238,2,2,96,0,0,"9,9493531192","-6,756887691","2,6611655577","-1,111710278","2,4260777063","-4,434310157","1,973475799"
2,0,0,2308824,39948,651708,0,0,0,4,254,477,0,0,100,0,0,"9,3502316291","-8,564969375","1,2008637516","-1,005854897","1,0646672982","-3,146379018","2,8641537677"
2,0,0,2287996,39956,676440,0,0,24688,116,903,731,1,28,71,1,0,"9,8970582345","-2,999589767","-0,296703513","-0,924131763","0,7357758116","-1,019267157","2,2047170969"
1,0,0,2287772,39956,676468,0,0,0,3864,307,468,0,2,98,0,0,"12,39545321","-10,8277077","6,2632526458","2,447659596","-0,815349067","6,1919178187","-6,465655151"
2,0,0,2214860,39960,744912,0,0,68376,0,2031,789,0,71,28,1,0,"9,0436736701","4,0596544084","-3,890379484","-1,707825135","-1,210693838","2,391396224","2,448925854"
2,0,0,2160180,39964,799420,0,0,54440,8,2308,583,0,46,54,1,0,"8,3596728243","0,2835169791","-2,501646115","-1,876845754","-0,261375328","0,9978811224","2,2784312109"
2,0,0,2104684,39964,843252,0,0,43704,0,2118,683,1,61,38,0,0,"6,3946795721","1,6637295888","-2,365654094","-1,473504636","-1,683559617","0,9238013475","1,7170536838"
3,0,0,2006828,39968,935184,0,0,91720,8,2738,1033,1,89,8,3,0,"7,9004185297","9,8706811684","-5,077159221","-1,769715173","0,0779623456","3,6590783415","0,7121690786"
4,0,0,1949108,39976,988864,0,0,53400,72,2316,831,0,52,46,2,0,"6,1525424603","3,0400938212","-2,44812037","-1,200206277","1,2843317425","0,9149677048","0,2504147652"
4,0,0,1925180,39976,1027680,0,0,38784,0,2827,1024,0,83,13,4,0,"5,3357041519","8,6839553468","-3,120020254","-0,510361463","1,5611327737","1,434606846","-1,366549028"
5,0,0,1925180,39976,1027680,0,0,0,0,9317,543,0,51,49,0,0,"1,1054760386","-0,813305363","-1,013974691","0,4801750906","-0,123065169","-0,414329645","0,114273351"
5,0,0,1925180,39976,1027680,0,0,0,0,9186,607,1,51,48,0,0,"1,1925486674","-0,566025858","-0,790528621","0,6184308225","-0,135350961","-0,595635865","0,0943283032"
5,0,0,1925180,39976,1027696,0,0,0,0,7814,557,1,52,48,0,0,"1,3569672654","-0,526890518","-0,889427294","0,5528265239","-0,358759322","-0,59440722","0,0989841791"
7,0,0,1925180,39984,1027688,0,0,0,48,7168,575,1,52,48,0,0,"1,3820216795","-0,540762247","-1,170079812","1,5303859964","0,0524159651","-0,484036013","0,1528107661"
8,0,0,1925180,39984,1027696,0,0,0,0,6954,553,1,52,48,0,0,"1,2910795411","-0,556375568","-1,455178181","1,9487829572","0,2074372235","-0,548218575","0,382499375"
8,0,0,1923588,39984,1027696,0,0,0,0,8526,555,1,51,48,0,0,"1,0458151886","-0,680807238","-1,426741908","2,015779395","0,3143212699","-0,456264706","0,435882439"
6,0,0,1923588,39984,1027696,0,0,0,408,11180,584,1,51,48,0,0,"1,1219380256","-0,978329218","-0,497832956","1,5913666873","-0,047191612","0,6301829661","-0,669852932"
6,0,0,1923588,39984,1027696,0,0,0,0,11554,543,0,51,49,0,0,"0,6575483522","-0,920526237","-1,210256122","1,0461777562","0,2048490246","-0,185767483","0,2891742183"
7,0,0,1923588,39984,1027696,0,0,0,1728,11717,545,0,51,49,0,0,"2,0723549075","-2,117076975","0,8024640117","3,3069677369","-0,281562214","4,0085919742","-3,672983025"
7,0,0,1923588,39992,1027696,0,0,0,20,11882,555,0,51,49,0,0,"0,5599743575","-0,945191819","-1,349494845","1,5566011868","0,4574530735","-0,085463241","0,3490573202"
8,0,0,1923588,39992,1027696,0,0,0,0,11878,548,1,51,49,0,0,"0,4951093272","-0,890216436","-1,443354895","2,1354529969","0,5120706972","-0,168942674","0,5624805246"
3,0,0,1893008,39992,1047996,0,0,20224,248,2261,863,1,60,38,2,0,"4,14787498","3,4017750945","-0,848041577","-0,696231517","0,6030493571","0,228556805","-1,553129214"
5,0,0,1879424,39992,1069424,0,0,21504,0,919,809,1,75,23,1,0,"2,764902799","4,771521631","-2,239939193","0,0440604699","-0,632408872","0,3658798109","-0,739622697"
4,0,0,1873656,39992,1071064,0,0,1536,0,6845,437,1,53,46,1,0,"1,4369519637","0,5124908427","-0,930322191","-0,089179566","-0,244217529","-0,384710765","-0,456458378"
5,0,0,1873656,40000,1071060,0,0,0,16,10397,567,0,51,49,0,0,"0,325068799","-0,627301291","-0,864393523","0,408867284","0,0515197745","-0,345382756","-0,208398656"
5,0,0,1873656,40000,1071060,0,0,0,4,11652,550,0,51,49,0,0,"0,0948618105","-0,699362798","-0,914325141","0,4475851356","0,0765646938","-0,242742273","-0,120842722"
4,0,0,1855404,40000,1078328,0,0,7296,4,8577,723,0,57,43,0,0,"0,7365299849","0,7555925982","-0,959871775","-0,265628543","-0,162055296","-0,267219749","-0,502593235"
5,0,0,1852492,40000,1078372,0,0,0,4,7508,554,0,51,49,0,0,"0,5985008884","-0,466953636","-0,858083276","0,2320404025","-0,121976093","-0,610831275","-0,35426078"
6,0,0,1852492,40000,1078372,0,0,0,0,11485,542,1,51,48,0,0,"-0,120083541","-0,533817927","-0,97622149","1,0100936832","0,0842057713","-0,305244048","-0,048981741"
6,0,0,1852492,40008,1078372,0,0,0,28,10811,548,0,51,49,0,0,"0,0012884601","-0,647370029","-1,041838021","0,8695457127","0,2356634903","-0,225430373","-0,189806301"
4,0,0,1852492,40008,1078372,0,0,0,0,7875,556,1,51,48,0,0,"0,613432266","-0,31724242","-0,526464521","-0,10058301","-0,467797665","-0,681766833","-0,358341192"
5,0,0,1852492,40008,1078372,0,0,0,8,5416,552,0,52,48,0,0,"0,9094147099","-0,255897032","-0,868540435","0,1576423792","-0,285206037","-0,713098279","-0,425094644"
5,0,0,1852492,40008,1078372,0,0,0,0,5523,614,1,52,48,0,0,"0,9584467337","-0,078418718","-0,654014829","0,2809444538","-0,252112924","-0,903609625","-0,416260494"
5,0,0,1852492,40008,1078372,0,0,0,0,6267,550,1,51,48,0,0,"0,8061825868","-0,281155711","-0,716068061","0,3101773766","-0,362358867","-0,77199569","-0,303925889"
6,0,0,1852268,40016,1078372,0,0,0,12,10234,526,1,52,47,1,0,"0,6065316931","0,3641279716","-1,039139177","0,9977680321","0,6553561904","-0,243408061","-0,376626725"
6,0,0,1852016,40016,1078372,0,0,0,0,12151,550,2,51,48,0,0,"-0,209934272","-0,467918307","-0,806401502","1,152372831","0,0151880744","-0,320275396","0,0492244395"
9,0,0,1852016,40016,1078372,0,0,0,0,11942,541,1,51,48,0,0,"-0,406866287","-0,608989037","-1,533794214","2,4571092099","0,7339813903","-0,143849996","0,2840758562"
8,0,0,1852016,40016,1078372,0,0,0,4,11916,551,1,51,48,0,0,"-0,324484151","-0,573527258","-1,320400906","1,9823963917","0,552776802","-0,185778288","0,1647091124"
8,0,0,1852016,40016,1078372,0,0,0,0,12202,532,1,51,49,0,0,"-0,380479416","-0,676306307","-1,349336588","1,9720608909","0,5541089228","-0,153836815","0,2059397953"
8,0,0,1852016,40024,1078372,0,0,0,12,12086,548,1,51,48,0,0,"-0,351875226","-0,587995539","-1,302003449","1,9939364271","0,5578251783","-0,136230046","0,1686821961"
8,0,0,1852016,40024,1078372,0,0,0,0,11929,527,1,51,49,0,0,"-0,34365861","-0,670342441","-1,340568464","1,9566577884","0,5341741139","-0,156939373","0,2173531144"
8,0,0,1852016,40024,1078372,0,0,0,0,11968,538,2,50,48,0,0,"-0,305774157","-0,583752647","-1,158647669","2,1010844439","0,4109437539","-0,271989096","0,2787361701"
8,0,0,1852016,40024,1078372,0,0,0,0,12068,543,1,51,48,0,0,"-0,363367837","-0,587424088","-1,324448267","1,9804137853","0,5485795531","-0,158439176","0,2023205977"
7,0,0,1852016,40024,1078372,0,0,0,4,12276,532,1,51,48,0,0,"-0,336176187","-0,596575202","-1,143459246","1,5136445301","0,3240355799","-0,146944787","0,1153772327"
7,0,0,1852016,40032,1078372,0,0,0,12,11871,574,1,50,49,0,0,"-0,202578374","-0,639953211","-1,012028471","1,4922905987","0,4734387472","-0,264652343","0,0603331646"
8,0,0,1852016,40032,1078388,0,0,0,0,11716,540,1,51,48,0,0,"-0,312088606","-0,574826879","-1,312136389","1,9618662387","0,5298484714","-0,17133071","0,2088289738"
8,0,0,1852016,40032,1078388,0,0,0,0,11967,542,1,51,49,0,0,"-0,342100149","-0,643941502","-1,305131295","1,9560283994","0,5832038816","-0,166727899","0,2144150751"
5,0,0,1862504,40032,1085320,0,0,6912,0,6937,602,1,55,43,1,0,"1,4304214864","1,2990839248","-1,091625198","0,2830380076","0,3017348152","-0,25534666","-0,463125157"
6,0,0,1862504,40032,1085320,0,0,0,0,11924,533,1,51,48,0,0,"-0,205410868","-0,55608021","-0,938394268","1,0249470032","0,1205944098","-0,203671677","0,0423605917"
5,0,0,1844960,40040,1094044,0,0,8704,28,8251,737,2,56,42,1,0,"1,2356357265","1,7558265363","-0,814005361","0,4327840607","0,5336625944","-0,267267705","-0,634493477"
6,0,0,1844960,40040,1094044,0,0,0,0,11006,403,1,52,48,0,0,"-0,352067702","-0,614549768","-1,126813192","0,9304150178","-0,275793916","-0,040041383","0,0788941358"
7,0,0,1844960,40040,1094044,0,0,0,0,12544,536,2,51,48,0,0,"-0,52019081","-0,469575238","-0,966605854","1,61046688","0,2406272019","-0,208564461","0,1380676551"
7,0,0,1844960,40040,1094044,0,0,0,4,12697,548,1,51,48,0,0,"-0,556417433","-0,532007685","-1,080587502","1,500474462","0,4181050106","-0,126120589","0,0580727635"
7,0,0,1844960,40040,1094044,0,0,0,0,12438,529,1,51,48,0,0,"-0,532504094","-0,550180626","-1,111302837","1,4838437315","0,3561247255","-0,126365242","0,0821890827"
7,0,0,1844960,40048,1094044,0,0,0,176,12997,557,1,51,48,0,0,"-0,452606249","-0,643189225","-0,836514411","1,6869939193","0,3946995417","0,3086882011","-0,333804138"
6,0,0,1844960,40048,1094044,0,0,0,4,12950,538,1,51,48,0,0,"-0,543353292","-0,535658002","-0,889705426","1,0280370925","0,2075897695","-0,110738404","-0,005363417"
4,0,0,1828732,40048,1105692,0,0,11616,0,7008,868,1,58,40,1,0,"1,4261650716","2,3871403529","-0,754360851","-0,316186692","0,6665066617","-0,403223634","-0,957920455"
4,0,0,1837916,40048,1105692,0,0,0,0,7131,634,2,51,47,0,0,"0,5069446342","0,0837124798","-0,180631604","-0,052154923","-0,411547551","-0,900227959","-0,4903618"
6,0,0,1837916,40048,1105692,0,0,0,4,11762,544,2,50,48,0,0,"-0,424838945","-0,428807234","-0,687017399","1,0823473969","0,0537256163","-0,341635187","-0,041002668"
6,0,0,1837916,40056,1105692,0,0,0,28,12313,542,1,51,48,0,0,"-0,545229421","-0,476085304","-0,822041091","1,0010657598","0,1938843966","-0,110352565","-0,137536178"
6,0,0,1837916,40056,1105692,0,0,0,0,12428,529,1,51,49,0,0,"-0,589271565","-0,545521693","-0,871518235","0,9594450877","0,2119895048","-0,159948689","-0,052387625"
4,0,0,1837916,40056,1105692,0,0,0,4,12945,533,1,51,48,0,0,"-0,54386772","-0,45998506","-0,483670815","0,0448451465","-0,196617523","-0,167428527","-0,245062864"
6,0,0,1837916,40056,1105692,0,0,0,4,12231,542,1,51,49,0,0,"-0,543051713","-0,518461193","-0,845944598","0,9564536445","0,2344843347","-0,18772817","-0,08348175"
2,0,0,1830764,40056,1105692,0,0,0,0,7917,644,2,51,47,0,0,"0,4719312933","0,12424452","0,2329917142","-0,991395195","-0,746790547","-0,911697407","-0,68359946"
3,0,0,1830764,40064,1105692,0,0,0,16,12311,410,1,51,48,0,0,"-0,507827707","-0,610536503","-0,430648122","-0,474647357","-0,757026196","-0,018816988","-0,254128343"
2,0,0,1836232,40064,1105692,0,0,0,0,10286,650,1,52,47,0,0,"0,0712660667","0,0217793414","0,0613901014","-1,011127059","-0,481057969","-0,596410602","-0,657541623"
4,0,0,1819656,40064,1105692,0,0,0,0,7688,487,2,51,47,0,0,"0,1800678315","-0,145960686","-0,360183422","-0,080197277","-0,757501917","-0,606718958","-0,333567602"
3,0,0,1819656,40064,1105692,0,0,0,4,11177,537,1,51,49,0,0,"-0,288027905","-0,386862582","-0,239454932","-0,558821899","-0,441242616","-0,368738609","-0,452261528"
2,0,0,1817624,40064,1105696,0,0,0,8,7367,651,2,52,47,0,0,"0,4705746231","0,2446769239","0,2425671136","-1,035394437","-0,773883422","-0,914106892","-0,772887875"
3,0,0,1817624,40072,1105696,0,0,0,24,9369,543,2,50,48,0,0,"0,0504367934","-0,239193062","-0,009632531","-0,478644028","-0,674305458","-0,57069049","-0,482552812"
4,0,0,1817624,40072,1105696,0,0,0,0,11035,531,2,51,48,0,0,"-0,341424139","-0,266769713","-0,301311022","0,0402802223","-0,425452025","-0,404032997","-0,275394761"
4,0,0,1817624,40072,1105700,0,0,0,0,12269,612,2,51,48,0,0,"-0,479599715","-0,183086206","-0,193142391","0,099094597","-0,147530709","-0,433204887","-0,334101388"
4,0,0,1817624,40072,1105716,0,0,0,0,12014,548,1,51,48,0,0,"-0,513001954","-0,352300652","-0,41960889","-0,038812431","-0,190299411","-0,270926738","-0,326386925"
2,0,0,1834000,40072,1105716,0,0,0,4,9680,627,1,51,48,0,0,"0,1689407689","-0,114728044","0,0960620863","-1,05459302","-0,512278079","-0,636663741","-0,639521857"
4,0,0,1817400,40080,1105716,0,0,0,28,9258,628,1,52,47,0,0,"-0,008033323","0,0067308595","-0,274746689","-0,109501849","-0,181160914","-0,503639164","-0,573276135"
4,0,0,1817400,40080,1105716,0,0,0,0,12213,536,1,51,49,0,0,"-0,551028386","-0,439174418","-0,418539006","-0,051978999","-0,169212557","-0,23670554","-0,292531993"
2,0,0,1813700,40080,1105716,0,0,0,0,8594,653,1,52,47,0,0,"0,2075766652","0,1421920823","0,1204295424","-1,127440055","-0,547685581","-0,73553223","-0,765433507"
2,0,0,1813700,40080,1105716,0,0,0,0,11564,536,1,50,49,0,0,"-0,312400147","-0,430416725","0,0128046278","-1,038999819","-0,592177794","-0,393313641","-0,507534998"
2,0,0,1825004,40080,1105716,0,0,0,4,9696,638,2,51,48,0,0,"0,1409655738","-0,00503507","0,2665919581","-0,950348322","-0,615137137","-0,728175423","-0,609052791"
2,0,0,1818284,40088,1105716,0,0,0,28,9574,443,1,50,48,0,0,"-0,021250497","-0,464744268","-0,066080641","-1,080910021","-0,979689138","-0,312239733","-0,493885211"
2,0,0,1818284,40088,1105716,0,0,0,0,11686,543,1,51,49,0,0,"-0,324282615","-0,363352105","-0,003774453","-1,032673575","-0,579828232","-0,345969378","-0,494620997"
4,0,0,1818284,40088,1105716,0,0,0,0,11832,549,1,51,48,0,0,"-0,486413511","-0,338290681","-0,389326682","-0,052274869","-0,182195311","-0,264334994","-0,303101814"
5,0,0,1816940,40088,1105716,0,0,0,0,11760,555,1,51,49,0,0,"-0,534917858","-0,405504596","-0,566681271","0,4050272495","0,0695194834","-0,260800109","-0,219902525"
5,0,0,1816940,40088,1105716,0,0,0,4,11314,536,2,51,48,0,0,"-0,4587913","-0,285965562","-0,456444083","0,5268759749","-0,179960627","-0,323999647","-0,159614772"
4,0,0,1816940,40096,1105716,0,0,0,20,11424,542,1,51,49,0,0,"-0,410039292","-0,403346675","-0,350011251","-0,071790116","-0,187608452","-0,241274214","-0,345055354"
4,0,0,1816940,40096,1105716,0,0,0,4,12225,543,1,51,49,0,0,"-0,554791138","-0,423968017","-0,375275718","-0,054601154","-0,136920747","-0,215014803","-0,283760412"
3,0,0,1815352,40096,1105728,0,0,0,0,8554,772,1,53,46,0,0,"0,2135385752","0,4519845588","0,0841862469","-0,631440301","-0,071109457","-0,82791081","-0,791194062"
3,0,0,1815352,40096,1105728,0,0,0,0,11303,528,1,50,49,0,0,"-0,34076577","-0,450280786","-0,16350912","-0,576256541","-0,407214385","-0,344757352","-0,375288298"
3,0,0,1815352,40096,1105728,0,0,0,152,12003,538,1,51,48,0,0,"-0,34590456","-0,438209053","-0,003558187","-0,377124009","-0,461808524","0,1087984063","-0,735575101"
3,0,0,1815352,40104,1105728,0,0,0,60,12499,549,1,51,49,0,0,"-0,493249933","-0,43707215","-0,08886465","-0,46995212","-0,327034458","-0,090514434","-0,502990615"
4,0,0,1815352,40104,1105728,0,0,0,0,12118,533,1,51,49,0,0,"-0,562375551","-0,427670756","-0,379231629","-0,070338607","-0,159935193","-0,207074637","-0,257440599"
4,0,0,1815352,40104,1105728,0,0,0,8,11556,545,1,51,48,0,0,"-0,463129711","-0,327829826","-0,35320689","-0,068067857","-0,195695127","-0,24090784","-0,308262655"
2,0,0,1815728,40104,1105728,0,0,0,0,8693,661,2,51,47,0,0,"0,2428464619","0,1646913443","0,3440578506","-1,004414795","-0,618231754","-0,817986854","-0,64958422"
3,0,0,1815728,40104,1105728,0,0,0,0,12579,545,1,51,48,0,0,"-0,569261982","-0,344919634","-0,178161995","-0,511424972","-0,344014695","-0,208317556","-0,353531284"
4,0,0,1815728,40112,1105728,0,0,0,32,12523,555,1,51,49,0,0,"-0,585248212","-0,42722263","-0,295907429","-0,021452045","-0,086430881","-0,12067106","-0,331204231"
4,0,0,1815728,40112,1105728,0,0,0,0,11591,547,1,51,49,0,0,"-0,466407022","-0,38025046","-0,341038428","-0,094054224","-0,142821461","-0,261729995","-0,275350182"
4,0,0,1815728,40112,1105732,0,0,0,0,11929,548,2,50,48,0,0,"-0,48564937","-0,322656527","-0,176022298","0,0620052726","-0,276962687","-0,335812579","-0,192714667"
4,0,0,1815728,40112,1105732,0,0,0,12,12410,543,1,51,49,0,0,"-0,593719003","-0,428925503","-0,337995398","-0,047791975","-0,115823697","-0,158614159","-0,273340223"
5,0,0,1815728,40112,1105732,0,0,0,0,12442,553,1,50,49,0,0,"-0,64710859","-0,491436272","-0,495590323","0,4244512822","0,1420188806","-0,20158738","-0,146376303"
5,0,0,1815728,40120,1105732,0,0,0,20,11462,534,1,51,48,0,0,"-0,518494671","-0,365525846","-0,519130115","0,411548142","-0,014998765","-0,14579243","-0,199915764"
5,0,0,1815728,40120,1105732,0,0,0,0,11862,550,1,51,49,0,0,"-0,579259963","-0,403945904","-0,518440044","0,3926388114","0,0912167241","-0,199596801","-0,159457044"
5,0,0,1815728,40120,1105732,0,0,0,0,11861,545,1,50,49,0,0,"-0,562077729","-0,477718491","-0,488763175","0,3958875335","0,0981944715","-0,225325268","-0,140936945"
2,0,0,1813712,40120,1105732,0,0,0,0,9757,660,1,52,48,0,0,"0,0114528183","0,0585999968","0,197011252","-1,112300877","-0,39671553","-0,606566562","-0,667997924"
2,0,0,1838668,40120,1105732,0,0,0,4,10890,479,1,51,48,0,0,"-0,144118154","-0,401185195","-0,048276376","-1,03019016","-0,795569642","-0,224658213","-0,324821367"
2,0,0,1838668,40128,1105732,0,0,0,28,11907,562,2,51,48,0,0,"-0,203990522","-0,245160093","0,2443680489","-0,837590712","-0,6654651","-0,285618095","-0,37419215"
3,0,0,1838668,40128,1105732,0,0,0,0,11790,538,2,50,49,0,0,"-0,264331921","-0,409258069","0,0241225469","-0,407547984","-0,463565404","-0,337168622","-0,173334136"
4,0,0,1838668,40128,1105732,0,0,0,0,12433,538,0,51,49,0,0,"-0,50591906","-0,537528435","-0,482106231","-0,148875713","0,0331313997","-0,057760811","-0,190685981"
3,0,0,1832092,40128,1105732,0,0,0,4,8229,603,1,52,47,0,0,"0,2509827615","0,0367420256","-0,065564485","-0,654062171","-0,449710453","-0,559716663","-0,480869051"
3,0,0,1832092,40128,1105732,0,0,0,0,11929,538,1,51,49,0,0,"-0,371954817","-0,411364958","-0,145308821","-0,538307793","-0,337615722","-0,217230097","-0,265741122"
3,0,0,1832092,40136,1105732,0,0,0,24,11584,584,1,51,48,0,0,"-0,271342029","-0,271821375","-0,037202907","-0,511044358","-0,271422802","-0,238398803","-0,374255673"
4,0,0,1832092,40136,1105732,0,0,0,0,11089,539,1,51,49,0,0,"-0,303843902","-0,392427094","-0,31687651","-0,098304997","-0,166453991","-0,243833232","-0,181949732"
4,0,0,1832092,40136,1105732,0,0,0,0,11633,536,1,51,48,0,0,"-0,405242917","-0,357870313","-0,331596295","-0,059269192","-0,181241236","-0,180995951","-0,161642734"
2,0,0,1832772,40136,1105732,0,0,0,0,9397,656,2,51,47,0,0,"0,2097185198","0,1094007332","0,37657699","-0,960270953","-0,563950958","-0,693204775","-0,506012437"
2,0,0,1822444,40136,1105732,0,0,0,0,10770,441,1,51,49,0,0,"-0,254434465","-0,48443943","-0,064123544","-1,094095773","-0,851858125","-0,184944172","-0,30285304"
3,0,0,1822444,40144,1105732,0,0,0,12,12441,545,1,51,49,0,0,"-0,506266646","-0,406214958","-0,090252589","-0,527538166","-0,283368582","-0,141839029","-0,292647497"
3,0,0,1835452,40144,1105732,0,0,0,4,8652,645,1,52,48,0,0,"0,2367726729","0,0271417156","0,024070448","-0,650466038","-0,266681572","-0,580417926","-0,478194824"
4,0,0,1835452,40144,1105732,0,0,0,232,11710,557,1,51,48,0,0,"-0,182660085","-0,486455403","0,0062262382","0,1863745111","-0,20872527","0,3625511324","-0,704012586"
3,0,0,1835452,40144,1105732,0,0,0,0,11910,546,0,51,49,0,0,"-0,374437276","-0,470523238","-0,24308995","-0,661262897","-0,162885288","-0,126836889","-0,297226009"
3,0,0,1811192,40144,1105748,0,0,0,0,8685,721,1,52,47,0,0,"0,1325015413","0,2594078454","0,1378358336","-0,671590156","-0,099488071","-0,715843973","-0,644602311"
3,0,0,1811192,40152,1105748,0,0,0,32,12203,550,1,51,49,0,0,"-0,517717218","-0,378931363","-0,034915401","-0,539362364","-0,284073463","-0,118685614","-0,378877795"
3,0,0,1829256,40152,1105748,0,0,0,4,9334,688,1,52,47,0,0,"0,1078785355","0,146357037","0,0928402027","-0,61576476","-0,145844545","-0,574015248","-0,516704392"
2,0,0,1816688,40152,1105748,0,0,0,4,10578,563,1,51,48,0,0,"-0,174644543","-0,198153498","0,1452326958","-1,087681585","-0,561831269","-0,357660186","-0,457087628"
3,0,0,1816688,40152,1105748,0,0,0,0,12080,556,1,51,49,0,0,"-0,487500034","-0,351752981","-0,069345117","-0,567428197","-0,261130905","-0,211331774","-0,295280171"
3,0,0,1816688,40152,1105748,0,0,0,0,11666,548,1,50,49,0,0,"-0,404856953","-0,413427101","-0,040782516","-0,581736418","-0,283485528","-0,266388604","-0,285995671"
4,0,0,1816688,40160,1105748,0,0,0,48,12064,559,1,51,49,0,0,"-0,511320798","-0,396156839","-0,183250259","-0,043438031","-0,061550917","-0,057654309","-0,301121772"
4,0,0,1816688,40160,1105748,0,0,0,0,12435,534,0,51,49,0,0,"-0,65820668","-0,493865487","-0,41913836","-0,200988834","0,0507047782","-0,022082289","-0,207788703"
2,0,0,1809576,40160,1105748,0,0,0,0,9137,653,1,51,48,0,0,"0,0834730629","0,0293049371","0,3006250539","-1,159910894","-0,390289481","-0,626455643","-0,611430335"
3,0,0,1826972,40160,1105748,0,0,0,4,11551,562,1,51,48,0,0,"-0,344008725","-0,275535123","-0,049702021","-0,554304497","-0,30119059","-0,223183876","-0,278313596"
3,0,0,1826972,40160,1105748,0,0,0,0,12252,550,1,50,49,0,0,"-0,441598683","-0,449339036","-0,034772225","-0,542914196","-0,239620421","-0,201986835","-0,220014561"
3,0,0,1826720,40168,1105748,0,0,0,16,11551,543,1,51,49,0,0,"-0,344628735","-0,37391308","-0,041925905","-0,564141505","-0,313805199","-0,16528328","-0,270562487"
3,0,0,1810044,40168,1105748,0,0,0,0,8108,616,2,52,47,0,0,"0,1486642204","0,1929375584","0,1672895752","-0,59601462","-0,52404166","-0,6396781","-0,438117696"
3,0,0,1810044,40168,1105748,0,0,0,0,12391,606,1,51,49,0,0,"-0,546856928","-0,263868985","0,0327571699","-0,568452701","-0,098600326","-0,248868303","-0,341134479"
3,0,0,1810044,40168,1105760,0,0,0,4,11580,547,1,51,48,0,0,"-0,466893323","-0,269081566","-0,047680945","-0,586994578","-0,333161961","-0,197809128","-0,305283495"
2,0,0,1825976,40168,1105760,0,0,0,4,7758,606,1,52,47,0,0,"0,340120693","0,107368944","0,2092143712","-1,180305571","-0,634161543","-0,584395431","-0,548415801"
4,0,0,1825976,40176,1105764,0,0,0,16,10653,555,3,50,48,0,0,"-0,203150307","-0,189685765","0,1049935102","0,1365040279","-0,410424361","-0,39515742","-0,070109635"
4,0,0,1825728,40176,1105764,0,0,0,4,11655,540,1,51,48,0,0,"-0,460988876","-0,328717068","-0,247520564","-0,082485995","-0,134502954","-0,123889346","-0,128186453"
4,0,0,1825728,40176,1105764,0,0,0,0,12025,538,2,50,49,0,0,"-0,472077132","-0,398843872","-0,080087118","0,0374953284","-0,203158458","-0,225935333","-0,031176986"
3,0,0,1804424,40176,1105764,0,0,0,0,8491,649,2,52,47,0,0,"0,0740224137","0,2448281427","0,2295846101","-0,590250685","-0,410011667","-0,654317273","-0,471720465"
3,0,0,1804424,40176,1105764,0,0,0,0,11521,546,1,50,49,0,0,"-0,468794497","-0,380323835","0,0065176348","-0,619629365","-0,27493261","-0,250205829","-0,289698617"
3,0,0,1804424,40184,1105764,0,0,0,20,12174,547,1,51,49,0,0,"-0,582891797","-0,350769981","0,005297805","-0,57891765","-0,259412777","-0,104576595","-0,316283675"
3,0,0,1804424,40184,1105764,0,0,0,0,12484,542,1,50,49,0,0,"-0,634242731","-0,423838194","0,0070095516","-0,583193494","-0,228156859","-0,152600379","-0,241088992"
3,0,0,1804424,40184,1105764,0,0,0,0,12148,547,1,51,49,0,0,"-0,596058138","-0,336121661","-0,020013978","-0,600552235","-0,252603306","-0,154772409","-0,270077397"
4,0,0,1820524,40184,1105764,0,0,0,4,8047,597,1,52,47,0,0,"0,1111884395","0,055016658","-0,162152314","-0,228185882","-0,219239578","-0,460854205","-0,325735114"
4,0,0,1820524,40184,1105764,0,0,0,0,11264,528,2,50,48,0,0,"-0,400064941","-0,309852433","-0,07769587","0,0088150642","-0,297054255","-0,252312988","-0,047471572"
4,0,0,1820524,40192,1105764,0,0,0,12,11832,545,1,51,48,0,0,"-0,51856016","-0,318086381","-0,200512054","-0,082405042","-0,100933715","-0,079255687","-0,138027565"
4,0,0,1820524,40192,1105768,0,0,0,8,12037,539,2,51,48,0,0,"-0,536394885","-0,260477116","-0,08061434","0,0431030108","-0,244001987","-0,141790342","-0,054112882"
5,0,0,1820524,40192,1105768,0,0,0,0,12134,540,1,51,49,0,0,"-0,639672987","-0,413268622","-0,412934938","0,379559797","0,1461132045","-0,054737769","0,002900099"
5,0,0,1820524,40192,1105768,0,0,0,0,11981,540,1,50,49,0,0,"-0,593531067","-0,472435106","-0,374784666","0,3768857607","0,1584187958","-0,101157493","0,0107094016"
5,0,0,1820524,40192,1105768,0,0,0,96,11880,550,1,51,49,0,0,"-0,506266045","-0,451273378","-0,273902643","0,4684284478","0,120206106","0,1386268745","-0,242635156"
5,0,0,1820524,40200,1105768,0,0,0,20,12259,550,1,51,49,0,0,"-0,638841598","-0,412394671","-0,359954006","0,4026909432","0,1782725866","-0,001167506","-0,038304901"
3,0,0,1820548,40200,1105768,0,0,0,0,9238,620,1,52,47,0,0,"-0,010955539","0,073113064","0,0781507349","-0,66603908","-0,284906624","-0,419520569","-0,376184624"
4,0,0,1815172,40200,1105768,0,0,0,4,11454,548,1,50,49,0,0,"-0,46673441","-0,407229977","-0,143244938","-0,131692534","-0,047022645","-0,173955323","-0,126795245"
4,0,0,1815172,40200,1105768,0,0,0,0,12096,555,1,51,48,0,0,"-0,600752587","-0,291882797","-0,186231966","-0,095511902","-0,048921212","-0,095074575","-0,118581615"
4,0,0,1813604,40200,1105768,0,0,0,0,11794,92,0,92,8,0,0,"-2,200395395","4,0474806014","-2,749670981","0,2346465751","-3,380341741","2,6103377707","-0,162302011"
5,0,0,1813604,40208,1105760,0,0,0,16,11365,524,1,51,48,0,0,"-0,571509582","-0,338818822","-0,383878189","0,3599833302","0,0367132809","-0,023510557","-0,036187021"
4,0,0,1813604,40208,1105768,0,0,0,4,11373,535,2,50,48,0,0,"-0,462772694","-0,284372922","-0,017414992","-0,004362072","-0,252799048","-0,216060714","-0,044579244"
2,0,0,1826876,40208,1105768,0,0,0,0,6916,559,1,52,47,0,0,"0,4226351292","0,0801143431","0,2112812053","-1,239937486","-0,763127792","-0,529871987","-0,436201474"
3,0,0,1826876,40208,1105768,0,0,0,4,9820,526,1,51,48,0,0,"-0,113312242","-0,245668988","-0,005021446","-0,651327986","-0,441455773","-0,239849623","-0,205943199"
5,0,0,1814532,40228,1106548,0,0,676,0,10737,636,12,58,30,1,0,"0,1312616373","3,040362543","0,8442793105","1,9367077553","-1,25803005","-0,606142182","0,1855328285"
4,0,0,1812824,40228,1106536,0,0,0,8,10497,519,12,52,36,0,0,"-0,264603238","1,3423281767","1,2137433577","1,3573413355","-2,17886677","-0,798940935","0,5496934333"
4,0,0,1812824,40236,1106536,0,0,0,52,11254,561,2,50,48,0,0,"-0,405041523","-0,255148473","0,1322352273","0,0279242673","-0,183178636","-0,113752236","-0,148991598"
3,0,0,1812824,40236,1106536,0,0,0,4,10406,534,1,51,48,0,0,"-0,307605128","-0,219781749","0,0596205273","-0,66319022","-0,364269373","-0,175276907","-0,200868841"
3,0,0,1773136,40248,1106532,0,0,16,0,4765,734,33,63,4,0,0,"0,6273873717","6,2868546995","4,0546551388","3,6128442617","-6,367648181","-2,56218398","1,0672262431"
3,0,0,1794960,40256,1107096,0,0,568,4,8599,584,7,54,39,1,0,"0,4876136671","1,936240505","0,7681195944","0,1038429826","-0,798082965","-0,588056557","-0,300272485"
3,0,0,1794960,40256,1107096,0,0,0,0,11765,554,1,51,49,0,0,"-0,630612816","-0,262072919","0,1248595371","-0,665095585","-0,186545628","-0,102893637","-0,203198865"
3,0,0,1794960,40264,1107096,0,0,0,52,12298,556,0,51,49,0,0,"-0,699438122","-0,386451388","0,0684676103","-0,714281385","-0,027937974","0,1539209288","-0,358340377"
4,0,0,1782248,40264,1107096,0,0,0,0,8755,611,1,52,47,0,0,"-0,278214774","0,1516308091","0,0104299917","-0,303497091","-0,071278796","-0,349892936","-0,311657703"
4,0,0,1782248,40264,1107096,0,0,0,0,11558,544,1,51,49,0,0,"-0,751888556","-0,265402524","-0,060059255","-0,221367014","-0,012595074","-0,068818238","-0,131400596"
4,0,0,1782248,40264,1107096,0,0,0,4,10089,544,2,51,48,0,0,"-0,492538979","-0,071931121","0,0858836832","-0,140673443","-0,26491709","-0,24751957","-0,12564943"
5,0,0,1782248,40264,1107096,0,0,0,4,8087,543,2,51,48,0,0,"-0,231070006","-0,01122515","-0,093341088","0,2540317685","-0,166694737","-0,378475056","-0,089462224"
5,0,0,1782248,40272,1107096,0,0,0,12,5891,541,2,51,47,0,0,"0,1214229582","0,1359230058","-0,060930473","0,1831205095","-0,316710572","-0,513496384","-0,160367471"
5,0,0,1782376,40272,1107096,0,0,0,0,8355,681,4,51,45,0,0,"-0,152417428","0,5455693421","0,3665758579","0,562719568","-0,16337684","-0,698607711","-0,101293488"
3,0,0,1777252,40272,1107092,0,0,0,0,8792,617,0,52,48,0,0,"-0,261502574","0,0568519436","0,1000247895","-0,930223388","-0,076569365","-0,315403031","-0,479360708"
3,0,0,1772548,40272,1107092,0,0,0,0,11340,534,1,52,47,0,0,"-0,760144434","-0,043009189","0,0912722814","-0,700845948","-0,338627921","-0,040104209","-0,256595234"
4,0,0,1772548,40272,1107092,0,0,0,0,9326,519,2,51,48,0,0,"-0,453085166","-0,059299058","0,0701279506","-0,199103734","-0,362190393","-0,27566618","-0,130293448"
4,0,0,1772548,40280,1107092,0,0,0,32,8262,556,1,51,48,0,0,"-0,249062337","-0,045808507","0,051729884","-0,332611261","-0,185759165","-0,255861155","-0,329953315"
2,0,0,1779168,40280,1107092,0,0,0,0,6972,636,1,51,48,0,0,"0,1719662461","0,1917145904","0,5205711504","-1,358310297","-0,437039798","-0,630603525","-0,561638227"
2,0,0,1779168,40280,1107092,0,0,0,0,10755,541,1,51,48,0,0,"-0,525310235","-0,122833494","0,352529784","-1,20830469","-0,491875697","-0,163371892","-0,330331504"
3,0,0,1779168,40280,1107092,0,0,0,4,11326,544,1,51,49,0,0,"-0,670259301","-0,226706597","0,1700420035","-0,7179306","-0,21628364","-0,091118518","-0,228227851"
2,0,0,1763228,40280,1107092,0,0,0,0,9434,670,1,51,48,0,0,"-0,301484476","0,174263412","0,5602497842","-1,279569984","-0,220826826","-0,493892642","-0,582103819"
2,0,0,1792192,40288,1107092,0,0,0,16,11555,449,1,50,49,0,0,"-0,611067315","-0,467157294","0,2818366804","-1,16047539","-0,636226225","0,0649681469","-0,160307046"
2,0,0,1792192,40288,1107092,0,0,0,4,12448,545,1,50,49,0,0,"-0,691691442","-0,336279746","0,3992074108","-1,126938557","-0,331469927","-0,045581103","-0,219351621"
3,0,0,1778536,40288,1107092,0,0,0,0,8458,656,0,52,48,0,0,"-0,175878561","0,1392684176","0,1864311611","-0,945624888","0,0240756523","-0,382539662","-0,504114319"
3,0,0,1778536,40288,1107092,0,0,0,0,11922,531,1,51,49,0,0,"-0,789885474","-0,266186765","0,1556021084","-0,702848707","-0,21072078","-0,019388708","-0,173064029"
2,0,0,1785688,40288,1107092,0,0,0,4,9236,657,1,53,47,0,0,"-0,196148538","0,314891723","0,4684250634","-1,240841756","-0,333460721","-0,3708684","-0,514278358"
2,0,0,1784344,40288,1107092,0,0,0,0,11103,408,0,51,49,0,0,"-0,67590414","-0,499927161","0,0377414367","-1,338218392","-0,642779267","0,1630636117","-0,188835985"
3,0,0,1783000,40296,1107092,0,0,0,20,12955,163,0,86,14,0,0,"-2,30916855","3,4515652276","-1,992278615","-0,341271904","-2,925555671","2,4392981612","-0,224649209"
3,0,0,1783000,40296,1107092,0,0,0,4,12031,526,2,51,47,0,0,"-0,780547837","-0,08908718","0,2869854425","-0,535876492","-0,42175121","-0,031653604","-0,082842905"
3,0,0,1783000,40296,1107092,0,0,0,0,12279,501,1,51,48,0,0,"-0,859230905","-0,273621863","0,1142727151","-0,669899735","-0,298755344","0,0864954502","-0,096576333"
2,0,0,1787880,40296,1107092,0,0,0,116,8716,643,2,51,47,0,0,"0,0510965816","0,1786209663","0,8168502068","-1,019532448","-0,534493651","-0,256266894","-0,669209707"
3,0,0,1787880,40296,1107092,0,0,0,48,12126,601,2,50,48,0,0,"-0,63793665","-0,134208198","0,4916062799","-0,484497032","-0,18099915","-0,082715401","-0,243202788"
3,0,0,1787880,40304,1107104,0,0,0,20,12997,538,1,51,48,0,0,"-0,904969118","-0,260875364","0,1989534738","-0,611195094","-0,164156346","0,1490496385","-0,134533248"
3,0,0,1787880,40304,1107104,0,0,0,0,12097,530,1,51,49,0,0,"-0,771291313","-0,285426575","0,1749510834","-0,686653505","-0,188720663","0,0265311054","-0,105708621"
3,0,0,1762772,40304,1107104,0,0,0,4,8158,635,1,52,47,0,0,"-0,22852094","0,2829938917","0,3298831412","-0,85195443","-0,20946114","-0,419488296","-0,464724397"
4,0,0,1762772,40304,1107108,0,0,0,4,11714,531,1,51,49,0,0,"-0,922089755","-0,247198083","0,0060888075","-0,26295013","-0,004832836","0,0170889336","-0,119592576"
4,0,0,1762772,40304,1107108,0,0,0,0,12048,510,1,51,49,0,0,"-0,99719716","-0,293234142","-0,032206118","-0,254928814","-0,041357189","0,0691820429","-0,074660091"
4,0,0,1762772,40312,1107108,0,0,0,16,11988,549,2,50,48,0,0,"-0,910813624","-0,163846873","0,2255518759","-0,099269918","-0,094863123","-0,049636607","-0,073598485"
4,0,0,1762772,40312,1107108,0,0,0,0,12162,516,2,50,49,0,0,"-0,970034734","-0,277135382","0,161813516","-0,127858321","-0,131421626","-0,033093898","0,0091311929"
3,0,0,1762772,40312,1107108,0,0,0,0,12083,530,1,51,48,0,0,"-0,934025645","-0,175907462","0,1979815672","-0,717321663","-0,218993085","0,0308083549","-0,180988082"
4,0,0,1762772,40312,1107108,0,0,0,8,12063,524,1,50,48,0,0,"-0,974192772","-0,276453072","0,0430272875","-0,228122135","-0,014265265","0,0575158454","-0,083487973"
2,0,0,1781620,40312,1107112,0,0,0,0,8577,623,1,59,41,0,0,"-0,339092291","1,0697494379","0,2050765329","-1,216383597","-0,765605928","-0,068673416","-0,533803896"
2,0,0,1778708,40320,1107112,0,0,0,24,11133,548,0,51,49,0,0,"-0,598558455","-0,262745106","0,33085415","-1,323757918","-0,251935631","0,037523554","-0,376346445"
3,0,0,1778708,40320,1107112,0,0,0,0,11175,500,1,51,49,0,0,"-0,707162876","-0,275156673","0,1718601374","-0,750708822","-0,301598709","0,0147217065","-0,102980216"
3,0,0,1778708,40320,1107112,0,0,0,0,11933,503,0,52,48,0,0,"-0,884087581","-0,247324906","-0,008102486","-0,827482273","-0,170199481","0,1989256461","-0,15674542"
3,0,0,1778708,40320,1107112,0,0,0,0,11413,507,0,51,49,0,0,"-0,76482913","-0,346708478","0,0448293066","-0,861692933","-0,131290309","0,102701201","-0,164942763"
3,0,0,1778708,40320,1107112,0,0,0,12,11942,538,1,51,49,0,0,"-0,79241098","-0,251828093","0,2364336268","-0,702912662","-0,166362439","0,0454345707","-0,152880896"
4,0,0,1778708,40320,1107112,0,0,0,0,12158,507,0,51,49,0,0,"-0,953876301","-0,398000917","-0,154568395","-0,351883946","0,1119666584","0,1975506115","-0,044622719"
4,0,0,1778708,40328,1107112,0,0,0,24,11948,530,0,51,49,0,0,"-0,884152591","-0,364356483","-0,074927296","-0,337522233","0,1594675154","0,2119162641","-0,121208569"
4,0,0,1778708,40328,1107112,0,0,0,0,12235,513,0,51,49,0,0,"-0,96578649","-0,388221835","-0,132547347","-0,351661637","0,1392296002","0,2055893078","-0,035513483"
4,0,0,1778708,40328,1107112,0,0,0,0,12093,517,1,51,49,0,0,"-0,915120745","-0,302345134","0,0097362554","-0,235686965","0,0029526309","0,1077222061","0,0162549221"
4,0,0,1778708,40328,1107112,0,0,0,0,12284,491,0,51,49,0,0,"-0,991380147","-0,42684341","-0,164950381","-0,351552211","0,0836591923","0,2453171032","-0,007638963"
4,0,0,1778708,40328,1107112,0,0,0,4,12592,531,0,50,50,0,0,"-0,975961718","-0,503320107","-0,061042632","-0,343807624","0,2589467458","0,1688812816","-0,042640886"
4,0,0,1778708,40336,1107112,0,0,0,12,12505,522,1,51,49,0,0,"-0,972403817","-0,316234129","0,0429742772","-0,20919907","0,0400448983","0,1739431813","0,0087598227"
4,0,0,1777364,40336,1107112,0,0,0,0,11953,531,0,51,49,0,0,"-0,917246852","-0,341278731","-0,089427896","-0,36771664","0,1794776592","0,1634380497","-0,056669976"
5,0,0,1777364,40336,1107112,0,0,0,0,12820,525,0,51,49,0,0,"-1,131122332","-0,40759934","-0,298518128","0,1466707401","0,413210325","0,2781164041","0,0746268045"
5,0,0,1777364,40336,1107112,0,0,0,0,12148,537,1,51,49,0,0,"-0,987001786","-0,28648604","-0,140418986","0,2411608279","0,2705913681","0,1233988927","0,1003490023"
5,0,0,1777364,40336,1107112,0,0,0,0,13128,555,1,51,48,0,0,"-1,143286795","-0,235038749","-0,12800967","0,3003056297","0,333873565","0,1882833235","0,1090449819"
5,0,0,1777364,40344,1107112,0,0,0,28,11945,521,1,51,49,0,0,"-0,94604","-0,320717138","-0,112487532","0,2564818692","0,2138098025","0,2111877687","0,0612934679"
6,0,0,1777364,40344,1107112,0,0,0,0,11634,538,0,51,49,0,0,"-0,996596885","-0,354384713","-0,449897669","0,5732460623","0,5981333967","0,203410721","0,1332962703"
6,0,0,1777364,40344,1107112,0,0,0,0,11789,522,0,51,49,0,0,"-1,034821094","-0,387412003","-0,474403311","0,5783233398","0,5639058769","0,2421858731","0,1572764676"
6,0,0,1777364,40344,1107112,0,0,0,0,11782,535,1,51,49,0,0,"-0,999158138","-0,292150836","-0,320084659","0,7007449209","0,4583991779","0,1409028276","0,2024578716"
3,0,0,1780284,40344,1107112,0,0,0,20,4448,939,0,54,46,0,0,"0,6468552963","1,035341562","0,665575937","-1,064146158","0,4970866479","-0,950917809","-0,936747049"
3,0,0,1779388,40352,1107112,0,0,0,16,12620,533,1,51,49,0,0,"-0,916379415","-0,280162011","0,2840946591","-0,683816171","-0,116311069","0,1653631064","-0,077217853"
3,0,0,1779388,40352,1107112,0,0,0,4,12011,531,0,51,49,0,0,"-0,852528862","-0,323494561","0,135324752","-0,843385856","-0,008785782","0,1689855483","-0,126502061"
2,0,0,1796904,40352,1107112,0,0,0,0,8052,740,1,53,46,0,0,"0,0865450209","0,5710319891","0,6917999015","-1,27970049","-0,148769709","-0,500574462","-0,490537494"
2,0,0,1768824,40352,1107112,0,0,0,0,8430,681,0,52,48,0,0,"-0,175727587","0,2433812144","0,5335813803","-1,468133926","-0,057313745","-0,374738859","-0,555193949"
3,0,0,1768824,40352,1107112,0,0,0,4,12045,552,0,51,49,0,0,"-0,905039989","-0,271504366","0,1719691524","-0,85823018","0,0476410913","0,1298032338","-0,187857336"
3,0,0,1767480,40352,1107112,0,0,0,0,12433,523,0,51,49,0,0,"-1,003499123","-0,330732357","0,1224143301","-0,850959693","-0,007317522","0,1983272101","-0,136404722"
3,0,0,1799088,40360,1107112,0,0,0,16,12642,526,0,51,49,0,0,"-0,835031133","-0,397515056","0,1404432246","-0,774817414","0,0147450604","0,2843726306","-0,045738492"
4,0,0,1799088,40360,1107112,0,0,0,4,12285,576,0,51,49,0,0,"-0,81361881","-0,311898414","0,0071785754","-0,319062151","0,3378421983","0,1780900752","0,008666364"
5,0,0,1799088,40360,1107112,0,0,0,0,12005,530,0,51,49,0,0,"-0,874434408","-0,394580208","-0,256197311","0,1396604916","0,4080953073","0,253055188","0,1616499062"
5,0,0,1799088,40360,1107112,0,0,0,0,11979,525,1,51,49,0,0,"-0,85000348","-0,328473525","-0,127924986","0,2596974967","0,2540588801","0,1793845191","0,2278021815"
5,0,0,1799088,40360,1107112,0,0,0,0,12703,539,1,51,49,0,0,"-0,957787885","-0,335143086","-0,11325073","0,2912469413","0,3285674009","0,216625296","0,2335222322"
5,0,0,1797520,40368,1107112,0,0,0,12,11647,548,1,51,48,0,0,"-0,789780595","-0,216840887","-0,067761338","0,2704573972","0,2649488263","0,1665789525","0,1699200828"
3,0,0,1795572,40368,1107112,0,0,0,0,8113,711,0,53,47,0,0,"-0,043882475","0,3726980964","0,354900815","-0,948528644","0,1717202453","-0,326860272","-0,394402116"
3,0,0,1795572,40368,1107112,0,0,0,4,12404,540,0,51,49,0,0,"-0,820463878","-0,347105753","0,1633906582","-0,805436781","0,0514372852","0,2218898092","-0,040188655"
3,0,0,1795572,40368,1107112,0,0,0,0,11471,521,0,51,49,0,0,"-0,685816887","-0,337390802","0,137982002","-0,850287549","-0,045480401","0,1658441619","-0,037008948"
4,0,0,1795572,40368,1107112,0,0,0,0,12061,545,1,51,49,0,0,"-0,806114057","-0,269001264","0,1100768357","-0,223282576","0,1136533371","0,1293219663","0,1107189313"
4,0,0,1795572,40376,1107112,0,0,0,16,12105,534,0,51,49,0,0,"-0,836354788","-0,370339778","-0,007313954","-0,331072969","0,2272582567","0,2802523241","0,0405844469"
4,0,0,1794228,40376,1107112,0,0,0,4,12094,513,0,51,49,0,0,"-0,869856723","-0,394322506","-0,05229125","-0,348020553","0,1760110409","0,2835541832","0,0888657046"
4,0,0,1794228,40376,1107112,0,0,0,0,12777,532,1,51,49,0,0,"-0,946259172","-0,314916539","0,1002234241","-0,200288533","0,1237508401","0,2200596665","0,1576964929"
4,0,0,1794228,40376,1107112,0,0,0,4,12452,526,0,51,49,0,0,"-0,918307219","-0,387511566","-0,036190655","-0,331883624","0,2289062397","0,2921149412","0,0844144529"
5,0,0,1794228,40376,1107116,0,0,0,0,12468,549,1,51,49,0,0,"-0,948613974","-0,294311208","-0,066132336","0,2668874554","0,3572802287","0,2000821709","0,2248988455"
5,0,0,1794228,40384,1107116,0,0,0,12,12247,548,0,51,49,0,0,"-0,930830364","-0,365336704","-0,171986681","0,1447752603","0,4851938774","0,303250206","0,1439570176"
6,0,0,1792884,40384,1107116,0,0,0,0,12044,537,0,51,49,0,0,"-0,99146247","-0,385208219","-0,394431003","0,5992877573","0,6550471881","0,3076123908","0,2714737049"
5,0,0,1792884,40384,1107116,0,0,0,0,11994,536,1,51,49,0,0,"-0,893250118","-0,290988217","-0,066616389","0,2400568024","0,3056930034","0,1922988281","0,2349111712"
6,0,0,1792884,40384,1107116,0,0,0,72,12147,531,0,51,49,0,0,"-0,950392533","-0,448311327","-0,312114569","0,6770361496","0,6151720682","0,4988240226","0,1126101238"
6,0,0,1792884,40384,1107116,0,0,0,8,12025,530,1,51,49,0,0,"-0,962801253","-0,328146921","-0,258917852","0,7276596782","0,4928279698","0,2569813813","0,3214335288"
6,0,0,1792884,40392,1107116,0,0,0,24,11756,538,0,51,49,0,0,"-0,926467174","-0,38493052","-0,346193014","0,6084414709","0,6403944771","0,3511914082","0,2188173457"
5,0,0,1763132,40392,1107116,0,0,0,0,7975,772,0,53,47,0,0,"-0,313547359","0,5046103616","0,1188873469","-0,057934872","0,7547728413","-0,361080986","-0,350110226"
5,0,0,1768964,40392,1107128,0,0,0,0,3589,954,1,54,45,0,0,"0,5711163698","1,2416120019","0,5010499113","-0,06463065","0,7787659829","-1,03491766","-0,635794289"
4,0,0,1784960,40392,1107128,0,0,0,0,7952,703,1,56,44,0,0,"-0,234430072","0,8291351391","0,2053652653","-0,346229125","0,0629837793","-0,207422971","-0,265680792"
5,0,0,1784960,40400,1107128,0,0,0,52,12267,565,0,51,49,0,0,"-0,949718904","-0,342833087","-0,063000454","0,1652341508","0,5289724113","0,3892362708","0,0252683917"
6,0,0,1784960,40404,1107124,0,0,4,4,12097,543,0,51,49,0,0,"-1,049672809","-0,358690496","-0,34165557","0,5836296924","0,6899710059","0,33455039","0,2634183838"
7,0,0,1784472,40412,1107320,0,0,252,0,11673,626,2,52,47,0,0,"-0,97488255","0,1267371476","-0,189512863","1,3101730907","0,7315647387","0,1092756016","0,3841825998"
7,0,0,1816728,40412,1107392,0,0,0,4,11509,587,2,53,46,0,0,"-0,821903028","0,1301923007","-0,292803682","1,377581334","0,5658432096","0,2298007901","0,5108052644"
8,0,0,1858896,40412,1107392,0,0,0,0,11714,766,4,52,44,0,0,"-0,478791733","0,5332996034","0,0375958303","2,2287233699","0,9299079705","-0,155307374","0,6921916979"
8,0,0,1858676,40412,1107384,0,0,0,0,12021,529,1,50,49,0,0,"-0,701760039","-0,534572331","-0,611395767","1,7804287274","0,9540172296","0,3609169335","0,8280035973"
7,0,0,1848992,40436,1107368,0,0,12,112,12613,661,1,52,47,0,0,"-0,660659554","-0,11375406","-0,126514526","1,4514362236","0,9939571842","0,5525073774","0,3102468474"
6,0,0,1848252,40460,1108688,0,0,1248,4,5042,1065,6,55,38,2,0,"1,9967927322","3,6291667039","0,9854394808","1,3333276188","1,9041840151","-1,039159634","-0,50894916"
6,0,0,1847788,40460,1108704,0,0,0,0,12258,672,2,50,48,0,0,"-0,578278107","-0,090115614","0,2020202775","0,942870086","0,8052284948","0,0753393553","0,5709715409"
6,0,0,1847788,40460,1108704,0,0,0,0,12424,521,1,50,48,0,0,"-0,750107947","-0,421500592","-0,154385645","0,8149229947","0,554466617","0,4135408833","0,6960307445"
8,0,0,1847788,40460,1108704,0,0,0,0,12505,535,1,51,48,0,0,"-0,906554236","-0,377001424","-0,558658448","1,7730507911","0,9846865993","0,4976404529","0,8635710512"
8,0,0,1847788,40460,1108704,0,0,0,0,11879,523,1,50,49,0,0,"-0,782639454","-0,49861297","-0,528177337","1,7329894708","0,9758390801","0,4185827631","0,8712464043"
8,0,0,1847788,40468,1108704,0,0,0,144,11621,540,1,50,48,0,0,"-0,614817629","-0,492342016","-0,309862002","1,884611273","0,9209984675","0,7398973023","0,5180881082"
8,0,0,1847788,40468,1108704,0,0,0,4,12402,533,1,51,49,0,0,"-0,882152204","-0,437851804","-0,535688856","1,7526158968","1,0149184315","0,5004218912","0,8674537288"
9,0,0,1846444,40468,1108704,0,0,0,0,11692,538,2,50,48,0,0,"-0,804233444","-0,345654016","-0,554430259","2,3373541019","1,0431829973","0,3556408254","1,0145981965"
9,0,0,1846444,40468,1108704,0,0,0,0,11827,534,1,50,49,0,0,"-0,844117916","-0,49329689","-0,690588084","2,2045627","1,2141589523","0,4399935357","0,9627972559"
3,0,0,1842080,40924,1115196,0,0,4343,0,9323,3041,4,66,26,5,0,"4,1602967743","10,648788534","4,2022697543","-0,056377469","8,9738626354","-2,415445843","-3,329093788"
4,0,0,1842080,40932,1115352,0,0,0,40,11984,534,1,50,49,0,0,"-0,810681334","-0,228128318","1,1400317075","-0,358688741","0,6196548163","1,0383351607","1,1558543298"
5,0,0,1842080,40932,1115352,0,0,0,0,12157,534,1,51,49,0,0,"-0,961633746","-0,163111116","0,8571589737","0,0823469455","0,8293395692","1,023494463","1,3398720768"
3,0,0,1842080,40932,1115352,0,0,0,4,12806,533,1,51,49,0,0,"-0,932272502","-0,153408861","1,2427611208","-0,843691271","0,4494298168","1,0221152093","1,1574712776"
4,0,0,1842080,40932,1115352,0,0,0,0,12276,549,1,51,48,0,0,"-0,912205833","-0,060561796","1,0655133203","-0,373438944","0,6354276928","0,988789985","1,2282381909"
2,0,0,1849096,40932,1115452,0,0,112,4,8157,878,3,51,46,0,0,"0,2385200779","0,9572638259","2,2191231588","-1,184308681","0,5314804554","-0,066241563","0,6512382505"
4,0,0,1849096,40932,1115448,0,0,0,0,11238,527,1,51,48,0,0,"-0,717619617","-0,066244056","1,037517834","-0,406886107","0,5241419999","0,9437684199","1,2467591914"
4,0,0,1849096,40940,1115448,0,0,0,16,12391,554,1,50,49,0,0,"-0,844976838","-0,204466499","1,1450584969","-0,356113191","0,7114219222","0,9985873884","1,2392736171"
4,0,0,1849096,40940,1115448,0,0,0,0,12020,491,1,50,48,0,0,"-0,857843229","-0,220994159","1,0298099513","-0,377121606","0,4972477667","1,0445211633","1,3406391449"
3,0,0,1849096,40940,1115448,0,0,0,4,11574,499,1,51,48,0,0,"-0,729057822","-0,105983786","1,2066537933","-0,873328168","0,2687528521","1,0048162933","1,1980595463"
4,0,0,1849096,40940,1115448,0,0,24,0,11837,588,1,51,49,0,0,"-0,760886334","-0,047959526","1,1406447722","-0,39700412","0,7587825083","0,8938323753","1,2069929825"
3,0,0,1832516,40940,1115472,0,0,0,0,8933,795,2,52,47,0,0,"-0,169203686","0,7283036512","1,7554326538","-0,855986667","0,7193154325","0,2511997891","0,7605315257"
3,0,0,1832516,40948,1115472,0,0,0,16,11681,412,1,50,49,0,0,"-0,879061873","-0,358796554","1,161402389","-0,90898573","0,1010878029","1,1357862424","1,2454812595"
4,0,0,1820952,40956,1115564,0,0,0,60,11532,828,20,53,28,0,0,"-0,432035583","3,2056907986","3,9847272201","2,2674466547","-2,06165562","-0,549519456","1,8259777061"
3,0,0,1815012,41244,1116420,0,0,1104,708,8598,1387,28,59,13,1,0,"1,4680471147","6,6461539181","7,0250329472","3,4404982082","-1,978931717","0,0732198879","0,0649388194"
3,0,0,1815012,41244,1116544,0,0,0,4,12293,557,2,50,48,0,0,"-1,122807803","0,1441900451","2,0069627871","-0,906375912","0,6205632844","1,2637980922","1,6288262394"
3,0,0,1815012,41244,1116544,0,0,0,4,12000,558,1,51,48,0,0,"-1,119023924","0,1501261698","1,8384351236","-1,043854405","0,7272620512","1,3512968754","1,5449941696"
3,0,0,1815012,41244,1116544,0,0,0,0,12156,558,2,50,48,0,0,"-1,102989798","0,1542365264","2,0043934751","-0,916132947","0,6177345865","1,2412256917","1,6327755247"
3,0,0,1815012,41244,1116544,0,0,0,0,11780,551,1,51,49,0,0,"-1,082317736","0,0882441548","1,8309473357","-1,074316499","0,7340617674","1,321889273","1,5561328133"
3,0,0,1815012,41252,1116548,0,0,0,148,11864,555,2,50,49,0,0,"-0,92280931","0,0018302443","2,2111173247","-0,796641746","0,5768001805","1,575891087","1,2934710375"
3,0,0,1815012,41252,1116548,0,0,0,340,12269,555,2,50,48,0,0,"-0,831574829","-0,083167759","2,4468162474","-0,565919572","0,4844227222","2,0835714483","0,8545330897"
3,0,0,1815012,41252,1116548,0,0,0,12,12456,590,2,51,48,0,0,"-1,141375576","0,2553992628","2,0408643352","-0,895686177","0,7001060172","1,2881473077","1,5768839416"
4,0,0,1815012,41252,1116548,0,0,0,0,11715,526,1,50,48,0,0,"-1,150922133","0,0284356409","1,6463169515","-0,583907838","0,8618990862","1,3807863974","1,7075052223"
4,0,0,1815012,41252,1116552,0,0,0,0,11937,564,1,51,48,0,0,"-1,178127141","0,1479646152","1,6629286891","-0,574993462","0,9535466258","1,3713036397","1,6563076443"
4,0,0,1815012,41260,1116544,0,0,0,36,11675,553,1,51,48,0,0,"-1,116451963","0,1190436543","1,7088023679","-0,553476268","0,90364276","1,4653209447","1,5906522611"
3,0,0,1815012,41260,1116552,0,0,0,0,12709,548,1,51,49,0,0,"-1,245484511","0,0508037692","1,8470631534","-1,042753894","0,7891477751","1,4264478576","1,6163652076"
3,0,0,1806228,41260,1116552,0,0,0,0,12006,590,1,51,48,0,0,"-1,159068503","0,2271636419","1,9129315171","-1,067025029","0,827914297","1,3064730888","1,5130545025"
3,0,0,1818520,41264,1118968,0,0,1360,248,4353,2021,25,73,2,1,0,"1,7998981154","9,5826250297","6,429024441","2,6004227163","-0,566093677","-1,517460889","-0,061055717"
3,0,0,1818520,41264,1118956,0,0,0,0,12416,558,2,50,48,0,0,"-1,152097686","0,1505138134","2,0366487958","-0,910064843","0,6524498166","1,2930147656","1,6796523616"
3,0,0,1818520,41264,1118956,0,0,0,588,12166,556,1,51,49,0,0,"-0,635463281","-0,31140745","2,6196720971","-0,458479688","0,5486934108","2,7884745863","0,218725138"
